{"cameraMode":{"drawMode":0,"name":"Shaded","section":"Shading Mode"},"sceneLighting":true,"audioPlay":false,"sceneViewState":{"m_AlwaysRefresh":true,"showFog":true,"showSkybox":false,"showFlares":true,"showImageEffects":true,"showParticleSystems":true,"showVisualEffectGraphs":true,"m_FxEnabled":true},"in2DMode":false,"pivot":{"x":11.272810935974121,"y":-13.20893669128418,"z":36.31354522705078},"rotation":{"x":0.19799800217151643,"y":-0.04703487083315849,"z":0.009524078108370304,"w":0.9792359471321106},"size":38.65946578979492,"orthographic":false}