{"cameraMode":{"drawMode":0,"name":"Shaded","section":"Shading Mode"},"sceneLighting":false,"audioPlay":false,"sceneViewState":{"m_AlwaysRefresh":true,"showFog":true,"showSkybox":false,"showFlares":true,"showImageEffects":true,"showParticleSystems":true,"showVisualEffectGraphs":true,"m_FxEnabled":true},"in2DMode":false,"pivot":{"x":-1.1097677946090699,"y":0.3844415247440338,"z":-0.4002487361431122},"rotation":{"x":0.13351377844810487,"y":-0.8494822382926941,"z":0.25726738572120669,"w":0.44133177399635317},"size":1.833478331565857,"orthographic":false}