{"cameraMode":{"drawMode":0,"name":"Shaded","section":"Shading Mode"},"sceneLighting":false,"audioPlay":false,"sceneViewState":{"m_AlwaysRefresh":true,"showFog":true,"showSkybox":false,"showFlares":true,"showImageEffects":true,"showParticleSystems":true,"showVisualEffectGraphs":true,"m_FxEnabled":true},"in2DMode":false,"pivot":{"x":0.5513869524002075,"y":0.8923314809799194,"z":0.3578590154647827},"rotation":{"x":-0.016604281961917878,"y":-0.9625519514083862,"z":0.26455801725387576,"w":-0.0616770014166832},"size":2.501620292663574,"orthographic":false}