{"cameraMode":{"drawMode":0,"name":"Shaded","section":"Shading Mode"},"sceneLighting":true,"audioPlay":false,"sceneViewState":{"m_AlwaysRefresh":true,"showFog":true,"showSkybox":false,"showFlares":true,"showImageEffects":true,"showParticleSystems":true,"showVisualEffectGraphs":true,"m_FxEnabled":true},"in2DMode":false,"pivot":{"x":-1.4550912380218506,"y":0.5387800335884094,"z":-0.10505379736423493},"rotation":{"x":0.09555090218782425,"y":0.8205611109733582,"z":-0.14370602369308473,"w":0.5452257394790649},"size":0.8660253882408142,"orthographic":false}